Epoch,Precision_Class_0,Precision_Class_1,Precision_Class_2,Precision_Class_3,Precision_Class_4,Precision_Class_5,Precision_Class_6,Precision_Class_7,Precision_Class_8,Precision_Class_9,Precision_Class_10,Precision_Class_11,Precision_Class_12,Precision_Class_13,Precision_Class_14,Precision_Class_15,Precision_Class_16,Precision_Class_17,Precision_Class_18,Precision_Class_19,Precision_Class_20,Precision_Class_21,Precision_Class_22,Precision_Class_23,Precision_Class_24,Precision_Class_25,Precision_Class_26,Precision_Class_27,Precision_Class_28,Recall_Class_0,Recall_Class_1,Recall_Class_2,Recall_Class_3,Recall_Class_4,Recall_Class_5,Recall_Class_6,Recall_Class_7,Recall_Class_8,Recall_Class_9,Recall_Class_10,Recall_Class_11,Recall_Class_12,Recall_Class_13,Recall_Class_14,Recall_Class_15,Recall_Class_16,Recall_Class_17,Recall_Class_18,Recall_Class_19,Recall_Class_20,Recall_Class_21,Recall_Class_22,Recall_Class_23,Recall_Class_24,Recall_Class_25,Recall_Class_26,Recall_Class_27,Recall_Class_28,F1_Class_0,F1_Class_1,F1_Class_2,F1_Class_3,F1_Class_4,F1_Class_5,F1_Class_6,F1_Class_7,F1_Class_8,F1_Class_9,F1_Class_10,F1_Class_11,F1_Class_12,F1_Class_13,F1_Class_14,F1_Class_15,F1_Class_16,F1_Class_17,F1_Class_18,F1_Class_19,F1_Class_20,F1_Class_21,F1_Class_22,F1_Class_23,F1_Class_24,F1_Class_25,F1_Class_26,F1_Class_27,F1_Class_28
1,0.9414389291689905,0.4052631578947368,0.4125766871165644,0.5454545454545454,0.3705179282868526,0.26857142857142857,0.2138157894736842,0.16260162601626016,0.24788732394366197,0.18384401114206128,0.1054421768707483,0.11330049261083744,0.30303030303030304,0.08695652173913043,0.09803921568627451,0.18238993710691823,0.09714285714285714,0.02112676056338028,0.08823529411764706,0.0,0.0,0.05,0.0,0.0625,0.0,0.0,0.0,0.0,0.0,0.8061127029608405,0.18011695906432748,0.445364238410596,0.34256055363321797,0.3522727272727273,0.23558897243107768,0.17759562841530055,0.19230769230769232,0.39285714285714285,0.4583333333333333,0.2246376811594203,0.20535714285714285,0.8247422680412371,0.06,0.10989010989010989,0.34523809523809523,0.23943661971830985,0.04477611940298507,0.14634146341463414,0.0,0.0,0.041666666666666664,0.0,0.1,0.0,0.0,0.0,0.0,0.0,0.8685361461281194,0.2493927125506073,0.428343949044586,0.4208289054197662,0.3611650485436893,0.25100133511348466,0.19402985074626866,0.1762114537444934,0.30397236614853196,0.2624254473161034,0.14351851851851852,0.14603174603174604,0.44321329639889195,0.07100591715976332,0.10362694300518134,0.23868312757201646,0.13821138211382114,0.028708133971291867,0.11009174311926606,0.0,0.0,0.045454545454545456,0.0,0.07692307692307693,0.0,0.0,0.0,0.0,0.0
2,0.9672922252010724,0.6050955414012739,0.5107033639143731,0.6926147704590818,0.43597122302158275,0.325,0.2976190476190476,0.25210084033613445,0.3967741935483871,0.3111111111111111,0.1407766990291262,0.21323529411764705,0.38565022421524664,0.05263157894736842,0.22085889570552147,0.28169014084507044,0.1853932584269663,0.03125,0.14655172413793102,0.025974025974025976,0.16071428571428573,0.09375,0.08108108108108109,0.0,0.0,0.0,0.0,0.0,0.0,0.8615090735434575,0.2222222222222222,0.5529801324503312,0.6003460207612457,0.5738636363636364,0.3258145363408521,0.20491803278688525,0.19230769230769232,0.5491071428571429,0.5833333333333334,0.21014492753623187,0.25892857142857145,0.8865979381443299,0.02,0.3956043956043956,0.47619047619047616,0.4647887323943662,0.029850746268656716,0.4146341463414634,0.08333333333333333,0.3333333333333333,0.25,0.17647058823529413,0.0,0.0,0.0,0.0,0.0,0.0,0.9113412477898459,0.32506415739948674,0.5310015898251192,0.6431881371640408,0.49550286181520853,0.32540675844806005,0.24271844660194175,0.21818181818181817,0.4606741573033708,0.4057971014492754,0.1686046511627907,0.23387096774193547,0.5375,0.028985507246376812,0.28346456692913385,0.35398230088495575,0.26506024096385544,0.030534351145038167,0.21656050955414013,0.039603960396039604,0.21686746987951808,0.13636363636363635,0.1111111111111111,0.0,0.0,0.0,0.0,0.0,0.0
3,0.9725067385444744,0.6619318181818182,0.5284552845528455,0.6820512820512821,0.46367851622874806,0.3087071240105541,0.3232758620689655,0.35564853556485354,0.5080645161290323,0.33935018050541516,0.22105263157894736,0.19886363636363635,0.4540540540540541,0.06818181818181818,0.1878453038674033,0.31756756756756754,0.2087912087912088,0.056818181818181816,0.12295081967213115,0.0392156862745098,0.17307692307692307,0.171875,0.047619047619047616,0.0,0.0,0.0,0.0,0.0,0.0,0.8615090735434575,0.27251461988304093,0.5380794701986755,0.6903114186851211,0.5681818181818182,0.2932330827067669,0.20491803278688525,0.2724358974358974,0.5625,0.6527777777777778,0.30434782608695654,0.3125,0.865979381443299,0.03,0.37362637362637363,0.5595238095238095,0.5352112676056338,0.07462686567164178,0.36585365853658536,0.16666666666666666,0.3333333333333333,0.4583333333333333,0.11764705882352941,0.0,0.0,0.0,0.0,0.0,0.0,0.9136490250696379,0.3860811930405965,0.5332239540607056,0.6861564918314703,0.5106382978723404,0.30077120822622105,0.2508361204013378,0.308529945553539,0.5338983050847458,0.44655581947743467,0.25609756097560976,0.24305555555555555,0.5957446808510638,0.041666666666666664,0.25,0.4051724137931034,0.30039525691699603,0.06451612903225806,0.18404907975460122,0.06349206349206349,0.22784810126582278,0.25,0.06779661016949153,0.0,0.0,0.0,0.0,0.0,0.0
4,0.9764521193092621,0.6441176470588236,0.5420875420875421,0.6957264957264957,0.5127334465195246,0.33066666666666666,0.25680933852140075,0.452914798206278,0.49097472924187724,0.36140350877192984,0.25149700598802394,0.2430939226519337,0.46111111111111114,0.08333333333333333,0.1864406779661017,0.34507042253521125,0.225,0.08955223880597014,0.1935483870967742,0.052083333333333336,0.1568627450980392,0.13793103448275862,0.0,0.0,0.75,0.0,0.0,0.0,0.0,0.8911174785100286,0.256140350877193,0.5331125827814569,0.7041522491349481,0.571969696969697,0.3107769423558897,0.18032786885245902,0.32371794871794873,0.6071428571428571,0.7152777777777778,0.30434782608695654,0.39285714285714285,0.8556701030927835,0.07,0.3626373626373626,0.5833333333333334,0.5070422535211268,0.1791044776119403,0.5853658536585366,0.20833333333333334,0.2962962962962963,0.3333333333333333,0.0,0.0,0.375,0.0,0.0,0.0,0.0,0.9318352059925094,0.36652719665271966,0.5375626043405676,0.6999140154772141,0.540734109221128,0.32041343669250644,0.21187800963081863,0.3775700934579439,0.5429141716566867,0.4801864801864802,0.2754098360655738,0.3003412969283277,0.5992779783393501,0.07608695652173914,0.2462686567164179,0.4336283185840708,0.3116883116883117,0.11940298507462686,0.2909090909090909,0.08333333333333333,0.20512820512820512,0.1951219512195122,0.0,0.0,0.5,0.0,0.0,0.0,0.0
5,0.9798553719008265,0.6699346405228758,0.5675675675675675,0.7204502814258912,0.5205724508050089,0.36386138613861385,0.3225806451612903,0.502262443438914,0.5494505494505495,0.43023255813953487,0.25892857142857145,0.24157303370786518,0.5804195804195804,0.14814814814814814,0.26573426573426573,0.46153846153846156,0.24083769633507854,0.06766917293233082,0.23958333333333334,0.041237113402061855,0.14814814814814814,0.1509433962264151,0.03333333333333333,0.0,0.21428571428571427,0.0,0.0,0.0,0.0,0.9059216809933143,0.23976608187134502,0.5562913907284768,0.6643598615916955,0.5511363636363636,0.3684210526315789,0.273224043715847,0.3557692307692308,0.6696428571428571,0.7708333333333334,0.42028985507246375,0.38392857142857145,0.8556701030927835,0.2,0.4175824175824176,0.7142857142857143,0.647887323943662,0.13432835820895522,0.5609756097560976,0.16666666666666666,0.2962962962962963,0.3333333333333333,0.058823529411764705,0.0,0.375,0.0,0.0,0.0,0.0,0.941439205955335,0.35314384151593453,0.5618729096989966,0.6912691269126913,0.5354185832566697,0.36612702366127026,0.2958579881656805,0.4165103189493433,0.6036217303822937,0.5522388059701493,0.32044198895027626,0.296551724137931,0.6916666666666667,0.1702127659574468,0.3247863247863248,0.5607476635514018,0.3511450381679389,0.09,0.3357664233576642,0.06611570247933884,0.19753086419753085,0.2077922077922078,0.0425531914893617,0.0,0.2727272727272727,0.0,0.0,0.0,0.0
6,0.9851282051282051,0.651219512195122,0.5712074303405573,0.730072463768116,0.5306122448979592,0.4256926952141058,0.37318840579710144,0.5363636363636364,0.6075949367088608,0.48717948717948717,0.2981651376146789,0.2849462365591398,0.5906040268456376,0.21739130434782608,0.35251798561151076,0.48739495798319327,0.2914285714285714,0.0707070707070707,0.28865979381443296,0.047058823529411764,0.14925373134328357,0.1206896551724138,0.07407407407407407,0.0,0.2,0.0,0.0,0.0,0.0,0.9173829990448902,0.312280701754386,0.6109271523178808,0.6972318339100346,0.5416666666666666,0.42355889724310775,0.2814207650273224,0.3782051282051282,0.6428571428571429,0.7916666666666666,0.47101449275362317,0.4732142857142857,0.9072164948453608,0.25,0.5384615384615384,0.6904761904761905,0.7183098591549296,0.1044776119402985,0.6829268292682927,0.16666666666666666,0.37037037037037035,0.2916666666666667,0.11764705882352941,0.0,0.5,0.0,0.0,0.0,0.0,0.9500494559841741,0.42213438735177866,0.5904,0.7132743362831858,0.5360824742268041,0.42462311557788945,0.32087227414330216,0.44360902255639095,0.6247288503253796,0.6031746031746031,0.3651685393258427,0.35570469798657717,0.7154471544715447,0.23255813953488372,0.4260869565217391,0.5714285714285714,0.4146341463414634,0.08433734939759036,0.4057971014492754,0.07339449541284404,0.2127659574468085,0.17073170731707318,0.09090909090909091,0.0,0.2857142857142857,0.0,0.0,0.0,0.0
7,0.985204081632653,0.6633165829145728,0.6116352201257862,0.764367816091954,0.562862669245648,0.44,0.3732876712328767,0.4909090909090909,0.6090534979423868,0.5235849056603774,0.29493087557603687,0.31756756756756754,0.6875,0.256,0.2867132867132867,0.475,0.28160919540229884,0.1717171717171717,0.24299065420560748,0.10204081632653061,0.2222222222222222,0.17391304347826086,0.0,0.14285714285714285,0.3,0.0,0.0,0.0,0.0,0.9221585482330468,0.3087719298245614,0.6440397350993378,0.6903114186851211,0.5511363636363636,0.46867167919799496,0.2978142076502732,0.4326923076923077,0.6607142857142857,0.7708333333333334,0.463768115942029,0.41964285714285715,0.9072164948453608,0.32,0.45054945054945056,0.6785714285714286,0.6901408450704225,0.2537313432835821,0.6341463414634146,0.4166666666666667,0.5185185185185185,0.5,0.0,0.1,0.75,0.0,0.0,0.0,0.0,0.9526393685249137,0.4213886671987231,0.6274193548387097,0.7254545454545455,0.5569377990430622,0.4538834951456311,0.331306990881459,0.4599659284497445,0.6338329764453962,0.6235955056179775,0.36056338028169016,0.36153846153846153,0.7822222222222223,0.28444444444444444,0.3504273504273504,0.5588235294117647,0.4,0.20481927710843373,0.35135135135135137,0.16393442622950818,0.3111111111111111,0.25806451612903225,0.0,0.11764705882352941,0.42857142857142855,0.0,0.0,0.0,0.0
8,0.9869994799791991,0.7485380116959064,0.6194029850746269,0.74573055028463,0.5724381625441696,0.481994459833795,0.40483383685800606,0.5344129554655871,0.620253164556962,0.5362318840579711,0.35784313725490197,0.29775280898876405,0.6592592592592592,0.20945945945945946,0.4098360655737705,0.5619834710743802,0.36054421768707484,0.176056338028169,0.3010752688172043,0.06976744186046512,0.2542372881355932,0.2,0.1724137931034483,0.14285714285714285,0.2727272727272727,0.0,0.0,0.0,0.0,0.9063992359121299,0.2994152046783626,0.6870860927152318,0.6799307958477508,0.6136363636363636,0.43609022556390975,0.366120218579235,0.4230769230769231,0.65625,0.7708333333333334,0.5289855072463768,0.4732142857142857,0.9175257731958762,0.31,0.5494505494505495,0.8095238095238095,0.7464788732394366,0.373134328358209,0.6829268292682927,0.375,0.5555555555555556,0.5833333333333334,0.29411764705882354,0.1,0.75,0.0,0.0,0.0,0.0,0.9449838187702265,0.4277360066833751,0.6514913657770801,0.7113122171945702,0.5923217550274223,0.45789473684210524,0.38450502152080346,0.47227191413237923,0.6377440347071583,0.6324786324786325,0.4269005847953216,0.36551724137931035,0.7672413793103449,0.25,0.4694835680751174,0.6634146341463415,0.48623853211009177,0.23923444976076555,0.417910447761194,0.11764705882352941,0.3488372093023256,0.2978723404255319,0.21739130434782608,0.11764705882352941,0.4,0.0,0.0,0.0,0.0
9,0.9886947584789312,0.7111111111111111,0.6006493506493507,0.7754318618042226,0.581081081081081,0.47836538461538464,0.4117647058823529,0.4874551971326165,0.6470588235294118,0.545045045045045,0.43157894736842106,0.3058823529411765,0.704,0.22404371584699453,0.432,0.5495495495495496,0.25308641975308643,0.125,0.2926829268292683,0.11,0.21875,0.18666666666666668,0.18518518518518517,0.3333333333333333,0.2631578947368421,0.0,0.0,0.0,0.0,0.9188156638013372,0.2994152046783626,0.6125827814569537,0.698961937716263,0.5700757575757576,0.49874686716791977,0.3633879781420765,0.4358974358974359,0.6875,0.8402777777777778,0.5942028985507246,0.4642857142857143,0.9072164948453608,0.41,0.5934065934065934,0.7261904761904762,0.5774647887323944,0.26865671641791045,0.5853658536585366,0.4583333333333333,0.5185185185185185,0.5833333333333334,0.29411764705882354,0.1,0.625,0.0,0.0,0.0,0.0,0.9524752475247524,0.4213991769547325,0.6065573770491803,0.7352138307552321,0.5755258126195029,0.4883435582822086,0.386066763425254,0.4602368866328257,0.6666666666666666,0.6612021857923497,0.5,0.36879432624113473,0.7927927927927928,0.28975265017667845,0.5,0.6256410256410256,0.351931330472103,0.17061611374407584,0.3902439024390244,0.1774193548387097,0.3076923076923077,0.2828282828282828,0.22727272727272727,0.15384615384615385,0.37037037037037035,0.0,0.0,0.0,0.0
10,0.9894419306184012,0.7604938271604939,0.6128048780487805,0.784,0.5583482944344704,0.5260416666666666,0.4106145251396648,0.49328859060402686,0.6812749003984063,0.5684210526315789,0.42786069651741293,0.3,0.7542372881355932,0.28169014084507044,0.5135135135135135,0.5897435897435898,0.3006535947712418,0.18018018018018017,0.28888888888888886,0.1267605633802817,0.32,0.23333333333333334,0.06666666666666667,0.16666666666666666,0.2777777777777778,0.0,0.0,0.0,0.0,0.9398280802292264,0.36023391812865496,0.6655629139072847,0.6782006920415224,0.5890151515151515,0.506265664160401,0.4016393442622951,0.47115384615384615,0.7633928571428571,0.75,0.6231884057971014,0.4017857142857143,0.9175257731958762,0.4,0.6263736263736264,0.8214285714285714,0.647887323943662,0.29850746268656714,0.6341463414634146,0.375,0.5925925925925926,0.5833333333333334,0.058823529411764705,0.2,0.625,0.0,0.0,0.0,0.0,0.9639970609845702,0.4888888888888889,0.638095238095238,0.7272727272727273,0.5732718894009217,0.5159642401021711,0.40607734806629836,0.4819672131147541,0.72,0.6467065868263473,0.5073746312684366,0.3435114503816794,0.827906976744186,0.3305785123966942,0.5643564356435643,0.6865671641791045,0.4107142857142857,0.2247191011235955,0.3969465648854962,0.18947368421052632,0.4155844155844156,0.3333333333333333,0.0625,0.18181818181818182,0.38461538461538464,0.0,0.0,0.0,0.0
11,0.9836734693877551,0.7621621621621621,0.6065573770491803,0.7686567164179104,0.6,0.5091383812010444,0.40893470790378006,0.47808764940239046,0.6929460580912863,0.5492957746478874,0.4307692307692308,0.2850678733031674,0.6875,0.24022346368715083,0.5,0.591304347826087,0.3404255319148936,0.14935064935064934,0.3333333333333333,0.13333333333333333,0.2545454545454545,0.2054794520547945,0.14705882352941177,0.0,0.3333333333333333,0.0,0.5,0.0,0.0,0.9207258834765998,0.3298245614035088,0.6738410596026491,0.71280276816609,0.5568181818181818,0.48872180451127817,0.3251366120218579,0.38461538461538464,0.7455357142857143,0.8125,0.6086956521739131,0.5625,0.9072164948453608,0.43,0.6263736263736264,0.8095238095238095,0.676056338028169,0.34328358208955223,0.6097560975609756,0.5833333333333334,0.5185185185185185,0.625,0.29411764705882354,0.0,0.75,0.0,0.5,0.0,0.0,0.9511593487913172,0.46040816326530615,0.6384313725490196,0.7396768402154399,0.5776031434184676,0.49872122762148335,0.3622526636225266,0.42628774422735344,0.7182795698924731,0.6554621848739496,0.5045045045045045,0.3783783783783784,0.7822222222222223,0.30824372759856633,0.5560975609756098,0.6834170854271356,0.4528301886792453,0.2081447963800905,0.43103448275862066,0.21705426356589147,0.34146341463414637,0.30927835051546393,0.19607843137254902,0.0,0.46153846153846156,0.0,0.5,0.0,0.0
12,0.9872579001019368,0.7648514851485149,0.6317411402157165,0.7752380952380953,0.5757575757575758,0.5520833333333334,0.4289940828402367,0.5421686746987951,0.7162162162162162,0.5714285714285714,0.4484536082474227,0.3313253012048193,0.7981651376146789,0.25149700598802394,0.5,0.5,0.35664335664335667,0.17142857142857143,0.45454545454545453,0.096,0.3333333333333333,0.3050847457627119,0.23529411764705882,0.2,0.25,0.0,0.0,0.0,0.0,0.9250238777459407,0.36140350877192984,0.6788079470198676,0.7041522491349481,0.6117424242424242,0.531328320802005,0.39617486338797814,0.4326923076923077,0.7098214285714286,0.75,0.6304347826086957,0.49107142857142855,0.8969072164948454,0.42,0.6593406593406593,0.7023809523809523,0.7183098591549296,0.3582089552238806,0.7317073170731707,0.5,0.7037037037037037,0.75,0.47058823529411764,0.2,0.625,0.0,0.0,0.0,0.0,0.9551282051282052,0.4908657664813344,0.6544293695131684,0.7379873073436083,0.5932047750229569,0.541507024265645,0.4119318181818182,0.48128342245989303,0.7130044843049327,0.6486486486486487,0.5240963855421686,0.39568345323741005,0.8446601941747572,0.3146067415730337,0.5687203791469194,0.5841584158415841,0.4766355140186916,0.2318840579710145,0.5607476635514018,0.1610738255033557,0.4523809523809524,0.43373493975903615,0.3137254901960784,0.2,0.35714285714285715,0.0,0.0,0.0,0.0
13,0.9878603945371776,0.7604456824512534,0.6305732484076433,0.7980198019801981,0.5992366412213741,0.5259433962264151,0.4391691394658754,0.5085324232081911,0.7198275862068966,0.6464646464646465,0.4564102564102564,0.3765432098765432,0.6870229007633588,0.24022346368715083,0.43846153846153846,0.5929203539823009,0.38848920863309355,0.232,0.358974358974359,0.10476190476190476,0.25925925925925924,0.19718309859154928,0.16,0.42857142857142855,0.35,0.0,0.0,0.0,0.0,0.9326647564469914,0.3192982456140351,0.6556291390728477,0.6972318339100346,0.5946969696969697,0.5588972431077694,0.40437158469945356,0.4775641025641026,0.7455357142857143,0.8888888888888888,0.644927536231884,0.5446428571428571,0.9278350515463918,0.43,0.6263736263736264,0.7976190476190477,0.7605633802816901,0.43283582089552236,0.6829268292682927,0.4583333333333333,0.5185185185185185,0.5833333333333334,0.23529411764705882,0.3,0.875,0.0,0.0,0.0,0.0,0.9594694178334562,0.4497528830313015,0.6428571428571429,0.7442289935364728,0.596958174904943,0.5419198055893074,0.42105263157894735,0.4925619834710744,0.7324561403508771,0.7485380116959064,0.5345345345345346,0.44525547445255476,0.7894736842105263,0.30824372759856633,0.5158371040723982,0.6802030456852792,0.5142857142857142,0.3020833333333333,0.47058823529411764,0.17054263565891473,0.345679012345679,0.29473684210526313,0.19047619047619047,0.35294117647058826,0.5,0.0,0.0,0.0,0.0
14,0.9893401015228427,0.7336683417085427,0.6094771241830066,0.7861163227016885,0.6030534351145038,0.5344827586206896,0.42165242165242167,0.4879725085910653,0.7589285714285714,0.6256410256410256,0.515625,0.3735632183908046,0.6821705426356589,0.24855491329479767,0.5213675213675214,0.5961538461538461,0.3695652173913043,0.17419354838709677,0.3620689655172414,0.12121212121212122,0.3,0.24193548387096775,0.20512820512820512,0.0,0.3333333333333333,0.0,0.25,0.0,0.0,0.9307545367717287,0.34152046783625734,0.6175496688741722,0.7249134948096886,0.5984848484848485,0.543859649122807,0.40437158469945356,0.4551282051282051,0.7589285714285714,0.8472222222222222,0.717391304347826,0.5803571428571429,0.9072164948453608,0.43,0.6703296703296703,0.7380952380952381,0.7183098591549296,0.40298507462686567,0.5121951219512195,0.5,0.5555555555555556,0.625,0.47058823529411764,0.0,0.625,0.0,0.5,0.0,0.0,0.9591535433070866,0.46608140462889064,0.6134868421052632,0.7542754275427542,0.6007604562737643,0.5391304347826087,0.41283124128312415,0.4709784411276949,0.7589285714285714,0.7197640117994101,0.6,0.45454545454545453,0.7787610619469026,0.315018315018315,0.5865384615384616,0.6595744680851063,0.4880382775119617,0.24324324324324326,0.42424242424242425,0.1951219512195122,0.38961038961038963,0.3488372093023256,0.2857142857142857,0.0,0.43478260869565216,0.0,0.3333333333333333,0.0,0.0
15,0.9862944162436548,0.7838541666666666,0.6210191082802548,0.803921568627451,0.601593625498008,0.547945205479452,0.4491017964071856,0.5189393939393939,0.7276595744680852,0.6720430107526881,0.4972972972972973,0.35789473684210527,0.7377049180327869,0.2677595628415301,0.48360655737704916,0.6545454545454545,0.39568345323741005,0.1925133689839572,0.46153846153846156,0.11009174311926606,0.36363636363636365,0.3,0.24,0.25,0.35294117647058826,0.3333333333333333,0.3333333333333333,0.0,0.0,0.9278892072588347,0.352046783625731,0.6456953642384106,0.7093425605536332,0.571969696969697,0.6015037593984962,0.4098360655737705,0.4391025641025641,0.7633928571428571,0.8680555555555556,0.6666666666666666,0.6071428571428571,0.9278350515463918,0.49,0.6483516483516484,0.8571428571428571,0.7746478873239436,0.5373134328358209,0.7317073170731707,0.5,0.5925925925925926,0.75,0.35294117647058826,0.1,0.75,0.3333333333333333,0.5,0.0,0.0,0.9562007874015748,0.4858757062146893,0.6331168831168831,0.7536764705882353,0.5864077669902913,0.5734767025089605,0.42857142857142855,0.4756944444444444,0.7450980392156863,0.7575757575757576,0.5696594427244582,0.4503311258278146,0.821917808219178,0.3462897526501767,0.5539906103286385,0.7422680412371134,0.5238095238095238,0.28346456692913385,0.5660377358490566,0.18045112781954886,0.4507042253521127,0.42857142857142855,0.2857142857142857,0.14285714285714285,0.48,0.3333333333333333,0.4,0.0,0.0
16,0.991317671092952,0.7772727272727272,0.6389830508474577,0.8043478260869565,0.616600790513834,0.5393258426966292,0.4487534626038781,0.5047318611987381,0.7413793103448276,0.6397849462365591,0.4793814432989691,0.4049079754601227,0.7377049180327869,0.3225806451612903,0.6190476190476191,0.6057692307692307,0.42857142857142855,0.20863309352517986,0.4375,0.09016393442622951,0.3148148148148148,0.2857142857142857,0.17857142857142858,0.3333333333333333,0.4666666666666667,0.0,0.5,0.0,0.0,0.9269340974212035,0.4,0.6241721854304636,0.7041522491349481,0.5909090909090909,0.6015037593984962,0.4426229508196721,0.5128205128205128,0.7678571428571429,0.8263888888888888,0.6739130434782609,0.5892857142857143,0.9278350515463918,0.5,0.7142857142857143,0.75,0.8028169014084507,0.43283582089552236,0.6829268292682927,0.4583333333333333,0.6296296296296297,0.75,0.29411764705882354,0.3,0.875,0.0,0.5,0.0,0.0,0.9580454096742349,0.5281853281853282,0.6314907872696818,0.7509225092250923,0.6034816247582205,0.5687203791469194,0.44566712517193946,0.5087440381558028,0.7543859649122807,0.7212121212121212,0.5602409638554217,0.48,0.821917808219178,0.39215686274509803,0.6632653061224489,0.6702127659574468,0.5588235294117647,0.2815533980582524,0.5333333333333333,0.1506849315068493,0.41975308641975306,0.41379310344827586,0.2222222222222222,0.3157894736842105,0.6086956521739131,0.0,0.5,0.0,0.0
17,0.9899648770697441,0.7841191066997518,0.6553398058252428,0.7996146435452793,0.6261859582542695,0.5817757009345794,0.47147147147147145,0.5622775800711743,0.7589285714285714,0.6521739130434783,0.5502958579881657,0.4090909090909091,0.7606837606837606,0.3313253012048193,0.5084745762711864,0.6989247311827957,0.3877551020408163,0.1657142857142857,0.40298507462686567,0.17391304347826086,0.26229508196721313,0.3064516129032258,0.2413793103448276,0.3333333333333333,0.5333333333333333,0.0,0.3333333333333333,0.0,0.0,0.9422158548233047,0.3695906432748538,0.6705298013245033,0.7179930795847751,0.625,0.6240601503759399,0.42896174863387976,0.5064102564102564,0.7589285714285714,0.8333333333333334,0.6739130434782609,0.6428571428571429,0.9175257731958762,0.55,0.6593406593406593,0.7738095238095238,0.8028169014084507,0.43283582089552236,0.6585365853658537,0.6666666666666666,0.5925925925925926,0.7916666666666666,0.4117647058823529,0.4,1.0,0.0,0.5,0.0,0.0,0.9655003670173722,0.5023847376788553,0.662847790507365,0.7566089334548769,0.6255924170616114,0.6021765417170496,0.4492131616595136,0.5328836424957841,0.7589285714285714,0.7317073170731707,0.6058631921824105,0.5,0.8317757009345794,0.41353383458646614,0.5741626794258373,0.7344632768361582,0.5229357798165137,0.2396694214876033,0.5,0.27586206896551724,0.36363636363636365,0.4418604651162791,0.30434782608695654,0.36363636363636365,0.6956521739130435,0.0,0.4,0.0,0.0
18,0.9914744232698094,0.8020304568527918,0.6533996683250415,0.8031189083820662,0.620889748549323,0.5578231292517006,0.47863247863247865,0.5292207792207793,0.7372881355932204,0.6595744680851063,0.5909090909090909,0.42073170731707316,0.7521367521367521,0.32105263157894737,0.5714285714285714,0.6285714285714286,0.392,0.22435897435897437,0.47761194029850745,0.14285714285714285,0.40384615384615385,0.27586206896551724,0.3333333333333333,0.375,0.3684210526315789,0.0,0.5,0.0,0.0,0.9441260744985673,0.3695906432748538,0.652317880794702,0.71280276816609,0.6079545454545454,0.6165413533834586,0.45901639344262296,0.5224358974358975,0.7767857142857143,0.8611111111111112,0.7536231884057971,0.6160714285714286,0.9072164948453608,0.61,0.7032967032967034,0.7857142857142857,0.6901408450704225,0.5223880597014925,0.7804878048780488,0.5833333333333334,0.7777777777777778,0.6666666666666666,0.35294117647058826,0.3,0.875,0.0,1.0,0.0,0.0,0.9672211350293543,0.5060048038430744,0.6528583264291632,0.7552703941338221,0.614354066985646,0.5857142857142857,0.4686192468619247,0.5258064516129032,0.7565217391304347,0.7469879518072289,0.6624203821656051,0.5,0.822429906542056,0.4206896551724138,0.6305418719211823,0.6984126984126984,0.5,0.31390134529147984,0.5925925925925926,0.22950819672131148,0.5316455696202531,0.3902439024390244,0.34285714285714286,0.3333333333333333,0.5185185185185185,0.0,0.6666666666666666,0.0,0.0
19,0.9919678714859438,0.8018223234624146,0.6615384615384615,0.7973484848484849,0.5898989898989899,0.6027713625866051,0.4628099173553719,0.5551724137931034,0.7637130801687764,0.6888888888888889,0.5,0.3901098901098901,0.7235772357723578,0.3630573248407643,0.6464646464646465,0.6194690265486725,0.46774193548387094,0.23076923076923078,0.49230769230769234,0.19230769230769232,0.46,0.2916666666666667,0.2777777777777778,0.42857142857142855,0.42857142857142855,0.5,0.0,0.0,0.2,0.9436485195797517,0.41169590643274856,0.640728476821192,0.7283737024221453,0.553030303030303,0.6541353383458647,0.45901639344262296,0.5160256410256411,0.8080357142857143,0.8611111111111112,0.7246376811594203,0.6339285714285714,0.9175257731958762,0.57,0.7032967032967034,0.8333333333333334,0.8169014084507042,0.4925373134328358,0.7804878048780488,0.625,0.8518518518518519,0.875,0.5882352941176471,0.6,0.75,0.3333333333333333,0.0,0.0,1.0,0.9672050905531082,0.5440494590417311,0.6509671993271657,0.7613019891500904,0.570869990224829,0.6274038461538461,0.4609053497942387,0.5348837209302325,0.7852494577006508,0.7654320987654321,0.591715976331361,0.48299319727891155,0.8090909090909091,0.44357976653696496,0.6736842105263158,0.7106598984771574,0.5948717948717949,0.3142857142857143,0.6037735849056604,0.29411764705882354,0.5974025974025974,0.4375,0.37735849056603776,0.5,0.5454545454545454,0.4,0.0,0.0,0.3333333333333333
20,0.9920437593237196,0.7845804988662132,0.690068493150685,0.8090909090909091,0.6159695817490495,0.6075388026607539,0.5202492211838006,0.5469798657718121,0.7430830039525692,0.6737967914438503,0.5567567567567567,0.44571428571428573,0.7142857142857143,0.34911242603550297,0.6132075471698113,0.660377358490566,0.49122807017543857,0.2556390977443609,0.45454545454545453,0.2463768115942029,0.3695652173913043,0.41509433962264153,0.3333333333333333,0.2727272727272727,0.4375,0.0,0.5,0.0,0.0,0.9527220630372493,0.4046783625730994,0.6672185430463576,0.7698961937716263,0.6136363636363636,0.6867167919799498,0.4562841530054645,0.5224358974358975,0.8392857142857143,0.875,0.7463768115942029,0.6964285714285714,0.9278350515463918,0.59,0.7142857142857143,0.8333333333333334,0.7887323943661971,0.5074626865671642,0.7317073170731707,0.7083333333333334,0.6296296296296297,0.9166666666666666,0.4117647058823529,0.3,0.875,0.0,0.5,0.0,0.0,0.9719853836784409,0.5339506172839507,0.6784511784511784,0.7890070921985816,0.6148007590132827,0.6447058823529411,0.4861717612809316,0.5344262295081967,0.7882599580712788,0.7613293051359517,0.6377708978328174,0.5435540069686411,0.8071748878923767,0.43866171003717475,0.6598984771573604,0.7368421052631579,0.6054054054054054,0.34,0.5607476635514018,0.3655913978494624,0.4657534246575342,0.5714285714285714,0.3684210526315789,0.2857142857142857,0.5833333333333334,0.0,0.5,0.0,0.0
21,0.9935897435897436,0.7890295358649789,0.686541737649063,0.8101761252446184,0.6536885245901639,0.5968109339407744,0.4823848238482385,0.5619335347432024,0.7923728813559322,0.6779661016949152,0.6107784431137725,0.46835443037974683,0.8504672897196262,0.38125,0.5855855855855856,0.6979166666666666,0.45864661654135336,0.2654320987654321,0.5483870967741935,0.32142857142857145,0.4222222222222222,0.2857142857142857,0.3333333333333333,0.3076923076923077,0.4666666666666667,0.2857142857142857,0.5,0.0,0.16666666666666666,0.9622731614135626,0.43742690058479533,0.6672185430463576,0.7162629757785467,0.6041666666666666,0.656641604010025,0.48633879781420764,0.5961538461538461,0.8348214285714286,0.8333333333333334,0.7391304347826086,0.6607142857142857,0.9381443298969072,0.61,0.7142857142857143,0.7976190476190477,0.8591549295774648,0.6417910447761194,0.8292682926829268,0.75,0.7037037037037037,0.5833333333333334,0.5882352941176471,0.4,0.875,0.6666666666666666,1.0,0.0,1.0,0.977680737506065,0.5628291948833709,0.6767422334172963,0.7603305785123967,0.6279527559055118,0.6252983293556086,0.48435374149659866,0.578538102643857,0.8130434782608695,0.7476635514018691,0.6688524590163935,0.5481481481481482,0.8921568627450981,0.46923076923076923,0.6435643564356436,0.7444444444444445,0.5980392156862745,0.37554585152838427,0.6601941747572816,0.45,0.5277777777777778,0.3835616438356164,0.425531914893617,0.34782608695652173,0.6086956521739131,0.4,0.6666666666666666,0.0,0.2857142857142857
22,0.9893238434163701,0.7974947807933194,0.672787979966611,0.812992125984252,0.6285140562248996,0.6043689320388349,0.47692307692307695,0.532258064516129,0.7873303167420814,0.6853932584269663,0.630057803468208,0.37790697674418605,0.75,0.3559322033898305,0.5190839694656488,0.673469387755102,0.5169491525423728,0.27972027972027974,0.5272727272727272,0.16831683168316833,0.3404255319148936,0.42,0.45454545454545453,0.35714285714285715,0.3333333333333333,0.16666666666666666,0.6666666666666666,0.0,0.0,0.9293218720152817,0.44678362573099417,0.6672185430463576,0.7145328719723183,0.5928030303030303,0.6240601503759399,0.5081967213114754,0.5288461538461539,0.7767857142857143,0.8472222222222222,0.7898550724637681,0.5803571428571429,0.9587628865979382,0.63,0.7472527472527473,0.7857142857142857,0.8591549295774648,0.5970149253731343,0.7073170731707317,0.7083333333333334,0.5925925925925926,0.875,0.5882352941176471,0.5,0.75,0.3333333333333333,1.0,0.0,0.0,0.9583846343265205,0.5727136431784108,0.6699916874480466,0.7605893186003683,0.6101364522417154,0.6140567200986436,0.49206349206349204,0.5305466237942122,0.7820224719101123,0.7577639751552795,0.7009646302250804,0.45774647887323944,0.8416289592760181,0.4548736462093863,0.6126126126126126,0.7252747252747253,0.6455026455026455,0.38095238095238093,0.6041666666666666,0.272,0.43243243243243246,0.5675675675675675,0.5128205128205128,0.4166666666666667,0.46153846153846156,0.2222222222222222,0.8,0.0,0.0
23,0.9920159680638723,0.7902542372881356,0.6747404844290658,0.831041257367387,0.6353383458646616,0.5962877030162413,0.48663101604278075,0.6223776223776224,0.8103448275862069,0.6473684210526316,0.5837837837837838,0.4340659340659341,0.8070175438596491,0.391025641025641,0.6634615384615384,0.69,0.47413793103448276,0.3435114503816794,0.4603174603174603,0.2222222222222222,0.46153846153846156,0.35185185185185186,0.2,0.4166666666666667,0.5,0.1,0.6666666666666666,0.0,0.0,0.9493791786055397,0.43625730994152045,0.6456953642384106,0.7318339100346021,0.6401515151515151,0.6441102756892231,0.4972677595628415,0.5705128205128205,0.8392857142857143,0.8541666666666666,0.782608695652174,0.7053571428571429,0.9484536082474226,0.61,0.7582417582417582,0.8214285714285714,0.7746478873239436,0.6716417910447762,0.7073170731707317,0.75,0.8888888888888888,0.7916666666666666,0.4117647058823529,0.5,0.875,0.3333333333333333,1.0,0.0,0.0,0.9702293801854563,0.5621703089675961,0.6598984771573604,0.7782888684452622,0.6377358490566037,0.619277108433735,0.4918918918918919,0.5953177257525084,0.8245614035087719,0.7365269461077845,0.6687306501547987,0.5374149659863946,0.8720379146919431,0.4765625,0.7076923076923077,0.75,0.5882352941176471,0.45454545454545453,0.5576923076923077,0.34285714285714286,0.6075949367088608,0.48717948717948717,0.2692307692307692,0.45454545454545453,0.6363636363636364,0.15384615384615385,0.8,0.0,0.0
24,0.9960629921259843,0.8249496981891348,0.6957295373665481,0.833976833976834,0.6734279918864098,0.6013071895424836,0.49333333333333335,0.5572289156626506,0.7630522088353414,0.7314285714285714,0.6845238095238095,0.4514285714285714,0.8532110091743119,0.40993788819875776,0.6796116504854369,0.8045977011494253,0.4827586206896552,0.30718954248366015,0.6065573770491803,0.3157894736842105,0.5897435897435898,0.5116279069767442,0.6,0.36363636363636365,0.5714285714285714,0.2,0.25,0.0,0.3333333333333333,0.9665711556829035,0.47953216374269003,0.6473509933774835,0.7474048442906575,0.6287878787878788,0.6917293233082706,0.505464480874317,0.592948717948718,0.8482142857142857,0.8888888888888888,0.8333333333333334,0.7053571428571429,0.9587628865979382,0.66,0.7692307692307693,0.8333333333333334,0.7887323943661971,0.7014925373134329,0.9024390243902439,0.75,0.8518518518518519,0.9166666666666666,0.7058823529411765,0.4,1.0,0.3333333333333333,0.5,0.0,1.0,0.9810954920019389,0.606508875739645,0.6706689536878216,0.7883211678832117,0.6503428011753183,0.6433566433566433,0.4993252361673414,0.5745341614906833,0.8033826638477801,0.8025078369905956,0.7516339869281046,0.5505226480836237,0.9029126213592233,0.5057471264367817,0.7216494845360825,0.8187134502923976,0.5989304812834224,0.42727272727272725,0.7254901960784313,0.4444444444444444,0.696969696969697,0.6567164179104478,0.6486486486486487,0.38095238095238093,0.7272727272727273,0.25,0.3333333333333333,0.0,0.5
25,0.9920595533498759,0.8333333333333334,0.6923076923076923,0.8217636022514071,0.6920077972709552,0.6247288503253796,0.5138461538461538,0.5851393188854489,0.7903225806451613,0.7588235294117647,0.6709677419354839,0.4327485380116959,0.8034188034188035,0.40384615384615385,0.6915887850467289,0.660377358490566,0.5,0.3484848484848485,0.631578947368421,0.2777777777777778,0.4772727272727273,0.3958333333333333,0.46153846153846156,0.4,0.5384615384615384,0.0,1.0,0.0,1.0,0.954632282712512,0.4853801169590643,0.6854304635761589,0.7577854671280276,0.6723484848484849,0.7218045112781954,0.4562841530054645,0.6057692307692307,0.875,0.8958333333333334,0.7536231884057971,0.6607142857142857,0.9690721649484536,0.63,0.8131868131868132,0.8333333333333334,0.8028169014084507,0.6865671641791045,0.8780487804878049,0.8333333333333334,0.7777777777777778,0.7916666666666666,0.7058823529411765,0.6,0.875,0.0,0.5,0.0,1.0,0.9729861280116817,0.6134515890613451,0.6888519134775375,0.7884788478847885,0.6820365033621518,0.6697674418604651,0.4833574529667149,0.5952755905511811,0.8305084745762712,0.821656050955414,0.7098976109215017,0.5229681978798587,0.8785046728971962,0.4921875,0.7474747474747475,0.7368421052631579,0.6162162162162163,0.4623115577889447,0.7346938775510204,0.4166666666666667,0.5915492957746479,0.5277777777777778,0.5581395348837209,0.48,0.6666666666666666,0.0,0.6666666666666666,0.0,1.0
26,0.9950738916256158,0.8316221765913757,0.6761565836298933,0.8263358778625954,0.6618257261410788,0.5881057268722467,0.5094850948509485,0.5838150289017341,0.7983193277310925,0.7182320441988951,0.6358381502890174,0.4311377245508982,0.8425925925925926,0.4394904458598726,0.6454545454545455,0.6435643564356436,0.5089285714285714,0.28289473684210525,0.5932203389830508,0.3333333333333333,0.5,0.4489795918367347,0.5,0.5,0.5333333333333333,0.0,0.3333333333333333,0.0,0.0,0.9646609360076409,0.47368421052631576,0.6291390728476821,0.7491349480968859,0.6041666666666666,0.6691729323308271,0.5136612021857924,0.6474358974358975,0.8482142857142857,0.9027777777777778,0.7971014492753623,0.6428571428571429,0.9381443298969072,0.69,0.7802197802197802,0.7738095238095238,0.8028169014084507,0.6417910447761194,0.8536585365853658,0.8333333333333334,0.8148148148148148,0.9166666666666666,0.7058823529411765,0.6,1.0,0.0,0.5,0.0,0.0,0.979631425800194,0.6035767511177347,0.6518010291595198,0.7858439201451906,0.6316831683168317,0.6260257913247362,0.5115646258503401,0.6139817629179332,0.8225108225108225,0.8,0.707395498392283,0.5161290322580645,0.8878048780487805,0.5369649805447471,0.7064676616915423,0.7027027027027027,0.6229508196721312,0.3926940639269406,0.7,0.47619047619047616,0.6197183098591549,0.6027397260273972,0.5853658536585366,0.5454545454545454,0.6956521739130435,0.0,0.4,0.0,0.0
27,0.9936461388074291,0.8178217821782178,0.7107583774250441,0.8301886792452831,0.6653543307086615,0.6319444444444444,0.5301837270341208,0.591715976331361,0.8347826086956521,0.73224043715847,0.7055214723926381,0.512987012987013,0.7741935483870968,0.4533333333333333,0.7184466019417476,0.6952380952380952,0.5128205128205128,0.37037037037037035,0.576271186440678,0.4166666666666667,0.5609756097560976,0.4230769230769231,0.4782608695652174,0.625,0.5,0.5,0.5,0.0,0.0,0.9708691499522445,0.4830409356725146,0.6672185430463576,0.7612456747404844,0.6401515151515151,0.6842105263157895,0.5519125683060109,0.6410256410256411,0.8571428571428571,0.9305555555555556,0.8333333333333334,0.7053571428571429,0.9896907216494846,0.68,0.8131868131868132,0.8690476190476191,0.8450704225352113,0.746268656716418,0.8292682926829268,0.8333333333333334,0.8518518518518519,0.9166666666666666,0.6470588235294118,0.5,0.75,0.3333333333333333,1.0,0.0,0.0,0.9821256038647344,0.6073529411764705,0.6883005977796754,0.7942238267148014,0.6525096525096525,0.6570397111913358,0.5408299866131191,0.6153846153846154,0.8458149779735683,0.8195718654434251,0.7641196013289037,0.5939849624060151,0.8687782805429864,0.544,0.7628865979381443,0.7724867724867724,0.6382978723404256,0.49504950495049505,0.68,0.5555555555555556,0.6764705882352942,0.5789473684210527,0.55,0.5555555555555556,0.6,0.4,0.6666666666666666,0.0,0.0
28,0.9951338199513382,0.8594704684317719,0.6892361111111112,0.8642714570858283,0.680373831775701,0.6279569892473118,0.5386666666666666,0.6285714285714286,0.8232758620689655,0.7865853658536586,0.6457142857142857,0.49710982658959535,0.8785046728971962,0.48125,0.7181818181818181,0.7634408602150538,0.5084745762711864,0.3475177304964539,0.7142857142857143,0.55,0.4864864864864865,0.4,0.6521739130434783,0.5,0.5384615384615384,0.2857142857142857,0.6666666666666666,0.0,0.0,0.9765998089780324,0.4935672514619883,0.6572847682119205,0.7491349480968859,0.6893939393939394,0.731829573934837,0.5519125683060109,0.6346153846153846,0.8526785714285714,0.8958333333333334,0.8188405797101449,0.7678571428571429,0.9690721649484536,0.77,0.8681318681318682,0.8452380952380952,0.8450704225352113,0.7313432835820896,0.8536585365853658,0.9166666666666666,0.6666666666666666,0.8333333333333334,0.8823529411764706,0.6,0.875,0.6666666666666666,1.0,0.0,0.0,0.9857797059532417,0.6270430906389302,0.6728813559322034,0.8025949953660797,0.6848541862652869,0.6759259259259259,0.5452091767881242,0.631578947368421,0.8377192982456141,0.8376623376623377,0.7220447284345048,0.6035087719298246,0.9215686274509803,0.5923076923076923,0.7860696517412935,0.8022598870056498,0.6349206349206349,0.47115384615384615,0.7777777777777778,0.6875,0.5625,0.5405405405405406,0.75,0.5454545454545454,0.6666666666666666,0.4,0.8,0.0,0.0
29,0.9951503394762367,0.8392857142857143,0.7153024911032029,0.8527131782945736,0.6826923076923077,0.6595744680851063,0.5347593582887701,0.6212121212121212,0.8545454545454545,0.7928994082840237,0.6686046511627907,0.5064102564102564,0.8857142857142857,0.49044585987261147,0.6583333333333333,0.673469387755102,0.5365853658536586,0.4491525423728814,0.6415094339622641,0.6571428571428571,0.5,0.4375,0.46153846153846156,0.6363636363636364,0.4117647058823529,0.25,0.4,0.0,0.25,0.9799426934097422,0.49473684210526314,0.6655629139072847,0.7612456747404844,0.6723484848484849,0.7769423558897243,0.546448087431694,0.657051282051282,0.8392857142857143,0.9305555555555556,0.8333333333333334,0.7053571428571429,0.9587628865979382,0.77,0.8681318681318682,0.7857142857142857,0.9295774647887324,0.7910447761194029,0.8292682926829268,0.9583333333333334,0.7777777777777778,0.875,0.7058823529411765,0.7,0.875,0.3333333333333333,1.0,0.0,1.0,0.987487969201155,0.6225165562913907,0.6895368782161235,0.8043875685557587,0.6774809160305344,0.713463751438435,0.5405405405405406,0.6386292834890965,0.8468468468468469,0.8562300319488818,0.7419354838709677,0.5895522388059702,0.9207920792079208,0.5992217898832685,0.7488151658767772,0.7252747252747253,0.6804123711340206,0.572972972972973,0.723404255319149,0.7796610169491526,0.6086956521739131,0.5833333333333334,0.5581395348837209,0.6666666666666666,0.56,0.2857142857142857,0.5714285714285714,0.0,0.4
30,0.9926829268292683,0.8424015009380863,0.7266313932980599,0.8380414312617702,0.6882352941176471,0.6585903083700441,0.5417789757412399,0.6270096463022508,0.8354978354978355,0.8209876543209876,0.6863905325443787,0.5058139534883721,0.8598130841121495,0.49056603773584906,0.6886792452830188,0.6990291262135923,0.5794392523364486,0.4090909090909091,0.6481481481481481,0.5476190476190477,0.6052631578947368,0.4782608695652174,0.56,0.6363636363636364,0.5,0.14285714285714285,0.4,0.0,0.5,0.9718242597898759,0.5251461988304094,0.6821192052980133,0.7698961937716263,0.6647727272727273,0.7493734335839599,0.5491803278688525,0.625,0.8616071428571429,0.9236111111111112,0.8405797101449275,0.7767857142857143,0.9484536082474226,0.78,0.8021978021978022,0.8571428571428571,0.8732394366197183,0.8059701492537313,0.8536585365853658,0.9583333333333334,0.8518518518518519,0.9166666666666666,0.8235294117647058,0.7,1.0,0.3333333333333333,1.0,0.0,1.0,0.9821428571428571,0.6469740634005764,0.703672075149445,0.8025247971145176,0.6763005780346821,0.7010550996483002,0.5454545454545454,0.6260032102728732,0.8483516483516483,0.869281045751634,0.755700325732899,0.6126760563380281,0.9019607843137255,0.6023166023166023,0.7411167512690355,0.7700534759358288,0.6966292134831461,0.542713567839196,0.7368421052631579,0.696969696969697,0.7076923076923077,0.6285714285714286,0.6666666666666666,0.6666666666666666,0.6666666666666666,0.2,0.5714285714285714,0.0,0.6666666666666666
31,0.9960745829244357,0.838475499092559,0.7160278745644599,0.847457627118644,0.6994328922495274,0.6477024070021882,0.5480225988700564,0.6213592233009708,0.8614718614718615,0.7602339181286549,0.7393939393939394,0.5086705202312138,0.8623853211009175,0.5859375,0.6936936936936937,0.7244897959183674,0.5084745762711864,0.4351145038167939,0.6785714285714286,0.46511627906976744,0.55,0.5238095238095238,0.7391304347826086,0.46153846153846156,0.35,0.0,1.0,0.0,0.0,0.9694364851957975,0.5403508771929825,0.6804635761589404,0.7785467128027682,0.7007575757575758,0.7418546365914787,0.5300546448087432,0.6153846153846154,0.8883928571428571,0.9027777777777778,0.8840579710144928,0.7857142857142857,0.9690721649484536,0.75,0.8461538461538461,0.8452380952380952,0.8450704225352113,0.8507462686567164,0.926829268292683,0.8333333333333334,0.8148148148148148,0.9166666666666666,1.0,0.6,0.875,0.0,1.0,0.0,0.0,0.9825750242013552,0.6571834992887624,0.6977928692699491,0.8115419296663661,0.7000946073793756,0.6915887850467289,0.5388888888888889,0.6183574879227053,0.8747252747252747,0.8253968253968254,0.8052805280528053,0.6175438596491228,0.912621359223301,0.6578947368421053,0.7623762376237624,0.7802197802197802,0.6349206349206349,0.5757575757575758,0.7835051546391752,0.5970149253731343,0.6567164179104478,0.6666666666666666,0.85,0.5217391304347826,0.5,0.0,1.0,0.0,0.0
32,0.996084189916789,0.8491921005385996,0.726027397260274,0.8554913294797688,0.6920077972709552,0.6651270207852193,0.5616797900262467,0.6341463414634146,0.8538812785388128,0.7904191616766467,0.7577639751552795,0.5235294117647059,0.9065420560747663,0.5172413793103449,0.652542372881356,0.7684210526315789,0.5083333333333333,0.41732283464566927,0.6379310344827587,0.5789473684210527,0.5365853658536586,0.5365853658536586,0.7142857142857143,0.75,0.5384615384615384,0.5,1.0,0.0,0.5,0.9718242597898759,0.5532163742690058,0.7019867549668874,0.7681660899653979,0.6723484848484849,0.7218045112781954,0.5846994535519126,0.6666666666666666,0.8348214285714286,0.9166666666666666,0.8840579710144928,0.7946428571428571,1.0,0.75,0.8461538461538461,0.8690476190476191,0.8591549295774648,0.7910447761194029,0.9024390243902439,0.9166666666666666,0.8148148148148148,0.9166666666666666,0.8823529411764706,0.9,0.875,1.0,1.0,0.0,1.0,0.9838046893884458,0.669971671388102,0.7138047138047138,0.8094804010938924,0.6820365033621518,0.6923076923076923,0.5729585006693441,0.65,0.8442437923250564,0.8488745980707395,0.8160535117056856,0.6312056737588653,0.9509803921568627,0.6122448979591837,0.7368421052631579,0.8156424581005587,0.6387434554973822,0.5463917525773195,0.7474747474747475,0.7096774193548387,0.6470588235294118,0.676923076923077,0.7894736842105263,0.8181818181818182,0.6666666666666666,0.6666666666666666,1.0,0.0,0.6666666666666666
33,0.9926470588235294,0.8561020036429873,0.7366548042704626,0.8409090909090909,0.7079303675048356,0.6451612903225806,0.5613079019073569,0.6242236024844721,0.8545454545454545,0.7818181818181819,0.6951219512195121,0.5146198830409356,0.8392857142857143,0.538961038961039,0.6991150442477876,0.7474747474747475,0.5575221238938053,0.4603174603174603,0.625,0.4666666666666667,0.5405405405405406,0.5238095238095238,0.7272727272727273,0.5,0.6363636363636364,0.25,1.0,0.0,1.0,0.9670487106017192,0.5497076023391813,0.6854304635761589,0.7681660899653979,0.6931818181818182,0.7518796992481203,0.5628415300546448,0.6442307692307693,0.8392857142857143,0.8958333333333334,0.8260869565217391,0.7857142857142857,0.9690721649484536,0.83,0.8681318681318682,0.8809523809523809,0.8873239436619719,0.8656716417910447,0.8536585365853658,0.875,0.7407407407407407,0.9166666666666666,0.9411764705882353,0.7,0.875,0.3333333333333333,1.0,0.0,1.0,0.9796806966618288,0.6695156695156695,0.7101200686106347,0.8028933092224232,0.7004784688995215,0.6944444444444444,0.5620736698499318,0.6340694006309149,0.8468468468468469,0.8349514563106796,0.7549668874172185,0.6219081272084805,0.8995215311004785,0.6535433070866141,0.7745098039215687,0.8087431693989071,0.6847826086956522,0.6010362694300518,0.7216494845360825,0.6086956521739131,0.625,0.6666666666666666,0.8205128205128205,0.5833333333333334,0.7368421052631579,0.2857142857142857,1.0,0.0,1.0
34,0.9970760233918129,0.8581818181818182,0.7068062827225131,0.8689788053949904,0.7196969696969697,0.6502145922746781,0.5611111111111111,0.6378205128205128,0.8488888888888889,0.757396449704142,0.7378048780487805,0.4695121951219512,0.8532110091743119,0.5510204081632653,0.7619047619047619,0.8144329896907216,0.5909090909090909,0.4796747967479675,0.7254901960784313,0.5128205128205128,0.5945945945945946,0.525,0.5357142857142857,0.375,0.3181818181818182,0.3333333333333333,0.6666666666666666,0.0,0.0,0.9770773638968482,0.552046783625731,0.6705298013245033,0.7802768166089965,0.7196969696969697,0.7593984962406015,0.5519125683060109,0.6378205128205128,0.8526785714285714,0.8888888888888888,0.8768115942028986,0.6875,0.9587628865979382,0.81,0.8791208791208791,0.9404761904761905,0.9154929577464789,0.8805970149253731,0.9024390243902439,0.8333333333333334,0.8148148148148148,0.875,0.8823529411764706,0.6,0.875,0.6666666666666666,1.0,0.0,0.0,0.9869753979739508,0.6718861209964413,0.6881903143585386,0.8222424794895169,0.7196969696969697,0.7005780346820809,0.5564738292011019,0.6378205128205128,0.8507795100222717,0.8178913738019169,0.8013245033112583,0.5579710144927537,0.9029126213592233,0.6558704453441295,0.8163265306122449,0.8729281767955801,0.7182320441988951,0.6210526315789474,0.8043478260869565,0.6349206349206349,0.6875,0.65625,0.6666666666666666,0.46153846153846156,0.4666666666666667,0.4444444444444444,0.8,0.0,0.0
35,0.9956289460903351,0.8760611205432938,0.7237288135593221,0.8397790055248618,0.7192307692307692,0.6628959276018099,0.5619596541786743,0.6697247706422018,0.869198312236287,0.803680981595092,0.7515151515151515,0.5605095541401274,0.8558558558558559,0.5821917808219178,0.79,0.8461538461538461,0.6274509803921569,0.4444444444444444,0.8163265306122449,0.6857142857142857,0.5813953488372093,0.7096774193548387,0.7894736842105263,0.5384615384615384,0.5333333333333333,0.3333333333333333,1.0,0.0,0.5,0.9789875835721108,0.6035087719298246,0.706953642384106,0.7889273356401384,0.7083333333333334,0.7343358395989975,0.5327868852459017,0.7019230769230769,0.9196428571428571,0.9097222222222222,0.8985507246376812,0.7857142857142857,0.979381443298969,0.85,0.8681318681318682,0.9166666666666666,0.9014084507042254,0.7761194029850746,0.975609756097561,1.0,0.9259259259259259,0.9166666666666666,0.8823529411764706,0.7,1.0,0.6666666666666666,1.0,0.0,1.0,0.9872381411028173,0.7146814404432132,0.7152428810720268,0.8135593220338984,0.7137404580152672,0.6967895362663495,0.5469845722300141,0.6854460093896714,0.8937093275488069,0.8534201954397395,0.8184818481848185,0.654275092936803,0.9134615384615384,0.6910569105691057,0.8272251308900523,0.88,0.7398843930635838,0.5652173913043478,0.8888888888888888,0.8135593220338984,0.7142857142857143,0.8,0.8333333333333334,0.6086956521739131,0.6956521739130435,0.4444444444444444,1.0,0.0,0.6666666666666666
36,0.996615087040619,0.8782467532467533,0.7461406518010292,0.8512241054613936,0.7375478927203065,0.6823027718550106,0.5898203592814372,0.6741935483870968,0.8807339449541285,0.7810650887573964,0.8012820512820513,0.5696969696969697,0.941747572815534,0.6066666666666667,0.7864077669902912,0.7978723404255319,0.6274509803921569,0.4745762711864407,0.7708333333333334,0.7931034482758621,0.5384615384615384,0.5945945945945946,0.48148148148148145,0.7777777777777778,0.7272727272727273,0.2857142857142857,1.0,0.0,1.0,0.9842406876790831,0.632748538011696,0.7201986754966887,0.7820069204152249,0.7291666666666666,0.8020050125313283,0.5382513661202186,0.6698717948717948,0.8571428571428571,0.9166666666666666,0.9057971014492754,0.8392857142857143,1.0,0.91,0.8901098901098901,0.8928571428571429,0.9014084507042254,0.835820895522388,0.9024390243902439,0.9583333333333334,0.7777777777777778,0.9166666666666666,0.7647058823529411,0.7,1.0,0.6666666666666666,1.0,0.0,1.0,0.9903892359442575,0.7355540448674371,0.7329401853411963,0.8151487826871056,0.7333333333333333,0.7373271889400922,0.5628571428571428,0.6720257234726688,0.8687782805429864,0.8434504792332268,0.8503401360544217,0.6787003610108303,0.97,0.728,0.8350515463917526,0.8426966292134831,0.7398843930635838,0.6054054054054054,0.8314606741573034,0.8679245283018868,0.6363636363636364,0.7213114754098361,0.5909090909090909,0.7368421052631579,0.8421052631578947,0.4,1.0,0.0,1.0
37,0.9951456310679612,0.8832752613240418,0.728171334431631,0.8705440900562852,0.7283018867924528,0.6802721088435374,0.6099706744868035,0.630057803468208,0.8614718614718615,0.8209876543209876,0.7735849056603774,0.5506329113924051,0.9320388349514563,0.5971223021582733,0.7547169811320755,0.7211538461538461,0.5849056603773585,0.5046728971962616,0.7450980392156863,0.7857142857142857,0.5714285714285714,0.6285714285714286,0.64,0.5454545454545454,0.6153846153846154,0.3333333333333333,1.0,0.0,0.0,0.9789875835721108,0.5929824561403508,0.7317880794701986,0.8027681660899654,0.7310606060606061,0.7518796992481203,0.5683060109289617,0.6987179487179487,0.8883928571428571,0.9236111111111112,0.8913043478260869,0.7767857142857143,0.9896907216494846,0.83,0.8791208791208791,0.8928571428571429,0.8732394366197183,0.8059701492537313,0.926829268292683,0.9166666666666666,0.8888888888888888,0.9166666666666666,0.9411764705882353,0.6,1.0,0.6666666666666666,1.0,0.0,0.0,0.9870004814636495,0.7095871238628412,0.7299752270850537,0.8352835283528353,0.7296786389413988,0.7142857142857143,0.5884016973125884,0.662613981762918,0.8747252747252747,0.869281045751634,0.8282828282828283,0.6444444444444445,0.96,0.694560669456067,0.8121827411167513,0.7978723404255319,0.7005649717514124,0.6206896551724138,0.8260869565217391,0.8461538461538461,0.6956521739130435,0.7457627118644068,0.7619047619047619,0.5714285714285714,0.7619047619047619,0.4444444444444444,1.0,0.0,0.0
38,0.997569275644142,0.867741935483871,0.7311643835616438,0.8803921568627451,0.7654075546719682,0.668141592920354,0.5846560846560847,0.6802325581395349,0.8232931726907631,0.8353658536585366,0.75,0.5741935483870968,0.9326923076923077,0.65625,0.7745098039215687,0.8222222222222222,0.6111111111111112,0.4811320754716981,0.7755102040816326,0.71875,0.5675675675675675,0.7096774193548387,0.8888888888888888,0.5714285714285714,0.8,0.75,0.6666666666666666,0.0,1.0,0.9799426934097422,0.6292397660818714,0.706953642384106,0.7768166089965398,0.7291666666666666,0.7568922305764411,0.6038251366120219,0.75,0.9151785714285714,0.9513888888888888,0.9130434782608695,0.7946428571428571,1.0,0.84,0.8681318681318682,0.8809523809523809,0.9295774647887324,0.7611940298507462,0.926829268292683,0.9583333333333334,0.7777777777777778,0.9166666666666666,0.9411764705882353,0.8,1.0,1.0,1.0,0.0,1.0,0.9886774271259937,0.7294915254237289,0.7188552188552189,0.8253676470588235,0.7468477206595538,0.7097532314923619,0.5940860215053764,0.7134146341463414,0.8668076109936576,0.8896103896103896,0.8235294117647058,0.6666666666666666,0.9651741293532339,0.7368421052631579,0.8186528497409327,0.8505747126436781,0.7374301675977654,0.5895953757225434,0.8444444444444444,0.8214285714285714,0.65625,0.8,0.9142857142857143,0.6666666666666666,0.8888888888888888,0.8571428571428571,0.8,0.0,1.0
39,0.9950617283950617,0.8733333333333333,0.7535714285714286,0.8716094032549728,0.7296222664015904,0.6863636363636364,0.5989159891598916,0.6795252225519288,0.8766519823788547,0.7975460122699386,0.7309941520467836,0.5780346820809249,0.7851239669421488,0.6614173228346457,0.801980198019802,0.76,0.5945945945945946,0.5363636363636364,0.7450980392156863,0.46938775510204084,0.6756756756756757,0.696969696969697,0.5357142857142857,0.4666666666666667,0.8888888888888888,0.3333333333333333,1.0,0.0,0.0,0.9622731614135626,0.6128654970760234,0.6986754966887417,0.8339100346020761,0.6950757575757576,0.7568922305764411,0.6038251366120219,0.7339743589743589,0.8883928571428571,0.9027777777777778,0.9057971014492754,0.8928571428571429,0.979381443298969,0.84,0.8901098901098901,0.9047619047619048,0.9295774647887324,0.8805970149253731,0.926829268292683,0.9583333333333334,0.9259259259259259,0.9583333333333334,0.8823529411764706,0.7,1.0,0.6666666666666666,0.5,0.0,0.0,0.9783928137897548,0.7202749140893471,0.7250859106529209,0.852343059239611,0.7119301648884578,0.7199046483909416,0.601360544217687,0.7057010785824345,0.8824833702882483,0.8469055374592834,0.8090614886731392,0.7017543859649122,0.8715596330275229,0.7400881057268722,0.84375,0.8260869565217391,0.7252747252747253,0.6666666666666666,0.8260869565217391,0.6301369863013698,0.78125,0.8070175438596491,0.6666666666666666,0.56,0.9411764705882353,0.4444444444444444,0.6666666666666666,0.0,0.0
40,0.9956268221574344,0.8840579710144928,0.745697896749522,0.8907721280602636,0.7476459510357816,0.6765327695560254,0.5785536159600998,0.7012578616352201,0.8558951965065502,0.8209876543209876,0.8089171974522293,0.6052631578947368,0.9411764705882353,0.6258992805755396,0.7155172413793104,0.8152173913043478,0.6601941747572816,0.5471698113207547,0.8,0.6388888888888888,0.7647058823529411,0.8888888888888888,0.6956521739130435,0.5333333333333333,0.6363636363636364,0.75,0.2,0.0,0.5,0.9785100286532952,0.6421052631578947,0.6456953642384106,0.8183391003460208,0.7518939393939394,0.8020050125313283,0.6338797814207651,0.7147435897435898,0.875,0.9236111111111112,0.9202898550724637,0.8214285714285714,0.9896907216494846,0.87,0.9120879120879121,0.8928571428571429,0.9577464788732394,0.8656716417910447,0.975609756097561,0.9583333333333334,0.9629629629629629,1.0,0.9411764705882353,0.8,0.875,1.0,0.5,0.0,1.0,0.9869942196531792,0.7439024390243902,0.6921029281277729,0.8530207394048692,0.7497639282341831,0.7339449541284404,0.6049543676662321,0.707936507936508,0.8653421633554084,0.869281045751634,0.8610169491525423,0.696969696969697,0.964824120603015,0.7280334728033473,0.8019323671497585,0.8522727272727273,0.7816091954022989,0.6705202312138728,0.8791208791208791,0.7666666666666667,0.8524590163934426,0.9411764705882353,0.8,0.64,0.7368421052631579,0.8571428571428571,0.2857142857142857,0.0,0.6666666666666666
41,0.9965669445806769,0.89,0.7574171029668412,0.874296435272045,0.7434944237918215,0.728310502283105,0.5880829015544041,0.678343949044586,0.8577405857740585,0.845679012345679,0.8355263157894737,0.5900621118012422,0.9056603773584906,0.5960264900662252,0.8269230769230769,0.845360824742268,0.6095238095238096,0.5742574257425742,0.8,0.38181818181818183,0.7741935483870968,0.6216216216216216,0.7727272727272727,0.7272727272727273,0.8888888888888888,1.0,1.0,0.0,0.5,0.9703915950334289,0.624561403508772,0.7185430463576159,0.8062283737024222,0.7575757575757576,0.7994987468671679,0.6202185792349727,0.6826923076923077,0.9151785714285714,0.9513888888888888,0.9202898550724637,0.8482142857142857,0.9896907216494846,0.9,0.945054945054945,0.9761904761904762,0.9014084507042254,0.8656716417910447,0.975609756097561,0.875,0.8888888888888888,0.9583333333333334,1.0,0.8,1.0,1.0,1.0,0.0,1.0,0.9833051052504235,0.734020618556701,0.7374681393372983,0.8388838883888389,0.7504690431519699,0.7622461170848268,0.6037234042553191,0.6805111821086262,0.8855291576673866,0.8954248366013072,0.8758620689655172,0.6959706959706959,0.9458128078817734,0.7171314741035857,0.882051282051282,0.9060773480662984,0.7272727272727273,0.6904761904761905,0.8791208791208791,0.5316455696202531,0.8275862068965517,0.7540983606557377,0.8717948717948718,0.7619047619047619,0.9411764705882353,1.0,1.0,0.0,0.6666666666666666
42,0.996084189916789,0.8963317384370016,0.7539267015706806,0.8656987295825771,0.766859344894027,0.6933333333333334,0.6350574712643678,0.686046511627907,0.8826086956521739,0.806060606060606,0.7763975155279503,0.6118421052631579,0.9065420560747663,0.6231884057971014,0.7941176470588235,0.8,0.6538461538461539,0.5979381443298969,0.7959183673469388,0.4666666666666667,0.6578947368421053,0.7741935483870968,0.8947368421052632,0.5333333333333333,0.7272727272727273,0.75,1.0,0.0,1.0,0.9718242597898759,0.6573099415204678,0.7152317880794702,0.8252595155709342,0.7537878787878788,0.7819548872180451,0.6038251366120219,0.7564102564102564,0.90625,0.9236111111111112,0.9057971014492754,0.8303571428571429,1.0,0.86,0.8901098901098901,0.9047619047619048,0.9577464788732394,0.8656716417910447,0.9512195121951219,0.875,0.9259259259259259,1.0,1.0,0.8,1.0,1.0,1.0,0.0,1.0,0.9838046893884458,0.7584345479082322,0.7340696686491079,0.8449955713020372,0.7602674307545367,0.734982332155477,0.6190476190476191,0.7195121951219512,0.8942731277533039,0.86084142394822,0.8361204013377926,0.7045454545454546,0.9509803921568627,0.7226890756302521,0.8393782383419689,0.8491620111731844,0.7771428571428571,0.7073170731707317,0.8666666666666667,0.6086956521739131,0.7692307692307693,0.8727272727272727,0.9444444444444444,0.64,0.8421052631578947,0.8571428571428571,1.0,0.0,1.0
43,0.9980449657869013,0.864951768488746,0.7700729927007299,0.8897196261682243,0.7709923664122137,0.6752136752136753,0.623342175066313,0.6774193548387096,0.9017094017094017,0.8343558282208589,0.8278145695364238,0.6405228758169934,0.8558558558558559,0.6461538461538462,0.8557692307692307,0.8163265306122449,0.625,0.5321100917431193,0.8163265306122449,0.7666666666666667,0.5111111111111111,0.71875,0.8823529411764706,0.7272727272727273,0.6666666666666666,0.6666666666666666,0.6666666666666666,0.0,1.0,0.9751671442215855,0.6292397660818714,0.6986754966887417,0.8235294117647058,0.7651515151515151,0.7919799498746867,0.6420765027322405,0.7403846153846154,0.9419642857142857,0.9444444444444444,0.9057971014492754,0.875,0.979381443298969,0.84,0.978021978021978,0.9523809523809523,0.9154929577464789,0.8656716417910447,0.975609756097561,0.9583333333333334,0.8518518518518519,0.9583333333333334,0.8823529411764706,0.8,1.0,0.6666666666666666,1.0,0.0,1.0,0.9864734299516909,0.7285037237643873,0.7326388888888888,0.8553459119496856,0.7680608365019012,0.7289504036908881,0.6325706594885598,0.7075038284839203,0.9213973799126638,0.8859934853420195,0.8650519031141869,0.7396226415094339,0.9134615384615384,0.7304347826086957,0.9128205128205128,0.8791208791208791,0.7428571428571429,0.6590909090909091,0.8888888888888888,0.8518518518518519,0.6388888888888888,0.8214285714285714,0.8823529411764706,0.7619047619047619,0.8,0.6666666666666666,0.8,0.0,1.0
44,0.9966118102613747,0.8940397350993378,0.7701754385964912,0.863716814159292,0.7676950998185118,0.7185354691075515,0.6348314606741573,0.7329192546583851,0.8863636363636364,0.8242424242424242,0.8269230769230769,0.564935064935065,0.941747572815534,0.6976744186046512,0.7850467289719626,0.851063829787234,0.6055045871559633,0.45161290322580644,0.9069767441860465,0.8461538461538461,0.8387096774193549,0.5641025641025641,0.8095238095238095,0.75,0.6363636363636364,0.6666666666666666,1.0,0.0,1.0,0.9832855778414518,0.631578947368421,0.7268211920529801,0.8442906574394463,0.8011363636363636,0.7869674185463659,0.6174863387978142,0.7564102564102564,0.8705357142857143,0.9444444444444444,0.9347826086956522,0.7767857142857143,1.0,0.9,0.9230769230769231,0.9523809523809523,0.9295774647887324,0.835820895522388,0.9512195121951219,0.9166666666666666,0.9629629629629629,0.9166666666666666,1.0,0.9,0.875,0.6666666666666666,1.0,0.0,1.0,0.9899038461538462,0.7402330363262508,0.747870528109029,0.8538932633420823,0.7840593141797961,0.7511961722488039,0.6260387811634349,0.7444794952681388,0.8783783783783784,0.8802588996763754,0.8775510204081632,0.6541353383458647,0.97,0.7860262008733624,0.8484848484848485,0.898876404494382,0.7333333333333333,0.5863874345549738,0.9285714285714286,0.88,0.896551724137931,0.6984126984126984,0.8947368421052632,0.8181818181818182,0.7368421052631579,0.6666666666666666,1.0,0.0,1.0
45,0.9971098265895953,0.9165354330708662,0.747870528109029,0.8832116788321168,0.7775590551181102,0.700228832951945,0.6388888888888888,0.7180232558139535,0.9008620689655172,0.8589743589743589,0.832258064516129,0.6644736842105263,0.9142857142857143,0.7540983606557377,0.83,0.8876404494382022,0.6238532110091743,0.5221238938053098,0.8695652173913043,0.7333333333333333,0.6944444444444444,0.7666666666666667,0.85,0.6153846153846154,0.7272727272727273,0.6,1.0,0.0,0.0,0.9885386819484241,0.6807017543859649,0.7268211920529801,0.8373702422145328,0.7481060606060606,0.7669172932330827,0.6284153005464481,0.7916666666666666,0.9330357142857143,0.9305555555555556,0.9347826086956522,0.9017857142857143,0.9896907216494846,0.92,0.9120879120879121,0.9404761904761905,0.9577464788732394,0.8805970149253731,0.975609756097561,0.9166666666666666,0.9259259259259259,0.9583333333333334,1.0,0.8,1.0,1.0,1.0,0.0,0.0,0.9928057553956835,0.7812080536912752,0.7371956339210747,0.8596802841918295,0.7625482625482626,0.7320574162679426,0.6336088154269972,0.7530487804878049,0.9166666666666666,0.8933333333333333,0.8805460750853242,0.7651515151515151,0.9504950495049505,0.8288288288288288,0.8691099476439791,0.9132947976878613,0.7555555555555555,0.6555555555555556,0.9195402298850575,0.8148148148148148,0.7936507936507936,0.8518518518518519,0.918918918918919,0.6956521739130435,0.8421052631578947,0.75,1.0,0.0,0.0
46,0.9956289460903351,0.8785607196401799,0.7566137566137566,0.8925318761384335,0.7855787476280834,0.7110609480812641,0.6630434782608695,0.7147058823529412,0.8879310344827587,0.8375,0.8590604026845637,0.6466666666666666,0.96,0.7213114754098361,0.7980769230769231,0.9080459770114943,0.6320754716981132,0.6458333333333334,0.9090909090909091,0.6052631578947368,0.8333333333333334,0.6470588235294118,0.8823529411764706,0.5384615384615384,0.6666666666666666,0.75,1.0,0.0,1.0,0.9789875835721108,0.6853801169590643,0.7102649006622517,0.8477508650519031,0.7840909090909091,0.7894736842105263,0.6666666666666666,0.7788461538461539,0.9196428571428571,0.9305555555555556,0.927536231884058,0.8660714285714286,0.9896907216494846,0.88,0.9120879120879121,0.9404761904761905,0.9436619718309859,0.9253731343283582,0.975609756097561,0.9583333333333334,0.9259259259259259,0.9166666666666666,0.8823529411764706,0.7,1.0,1.0,1.0,0.0,1.0,0.9872381411028173,0.7700394218134035,0.7327070879590094,0.8695652173913043,0.7848341232227488,0.7482185273159145,0.6648501362397821,0.745398773006135,0.9035087719298246,0.881578947368421,0.89198606271777,0.7404580152671756,0.9746192893401016,0.7927927927927928,0.8512820512820513,0.9239766081871345,0.7570621468926554,0.7607361963190185,0.9411764705882353,0.7419354838709677,0.8771929824561403,0.7586206896551724,0.8823529411764706,0.6086956521739131,0.8,0.8571428571428571,1.0,0.0,1.0
47,0.9975915221579962,0.9047619047619048,0.7726495726495727,0.9106145251396648,0.7777777777777778,0.7260579064587973,0.6767123287671233,0.7133956386292835,0.869198312236287,0.8961038961038961,0.8620689655172413,0.5612903225806452,0.9320388349514563,0.7543859649122807,0.8155339805825242,0.8681318681318682,0.5892857142857143,0.6372549019607843,0.7959183673469388,0.75,0.7058823529411765,0.6666666666666666,0.7272727272727273,0.7142857142857143,0.7,0.5,0.0,0.0,1.0,0.9890162368672397,0.6666666666666666,0.7483443708609272,0.8460207612456747,0.7954545454545454,0.8170426065162907,0.674863387978142,0.7339743589743589,0.9196428571428571,0.9583333333333334,0.9057971014492754,0.7767857142857143,0.9896907216494846,0.86,0.9230769230769231,0.9404761904761905,0.9295774647887324,0.9701492537313433,0.9512195121951219,1.0,0.8888888888888888,0.9166666666666666,0.9411764705882353,1.0,0.875,0.6666666666666666,0.0,0.0,1.0,0.9932853717026379,0.7676767676767676,0.7603027754415476,0.8771300448430494,0.7865168539325843,0.7688679245283019,0.6757865937072504,0.7235387045813586,0.8937093275488069,0.9261744966442953,0.8833922261484098,0.651685393258427,0.96,0.8037383177570093,0.865979381443299,0.9028571428571428,0.7213114754098361,0.7692307692307693,0.8666666666666667,0.8571428571428571,0.7868852459016393,0.7719298245614035,0.8205128205128205,0.8333333333333334,0.7777777777777778,0.5714285714285714,0.0,0.0,1.0
48,0.9971014492753624,0.9039634146341463,0.7725752508361204,0.8860294117647058,0.8101503759398496,0.7400468384074942,0.655367231638418,0.7365269461077845,0.8851063829787233,0.8353658536585366,0.8493150684931506,0.6158940397350994,0.9223300970873787,0.6766917293233082,0.8686868686868687,0.8695652173913043,0.6237623762376238,0.6262626262626263,0.8695652173913043,0.7741935483870968,0.8333333333333334,0.8571428571428571,0.8947368421052632,0.8181818181818182,0.8,0.6,1.0,0.0,1.0,0.9856733524355301,0.6935672514619883,0.7649006622516556,0.8339100346020761,0.8162878787878788,0.7919799498746867,0.6338797814207651,0.7884615384615384,0.9285714285714286,0.9513888888888888,0.8985507246376812,0.8303571428571429,0.979381443298969,0.9,0.945054945054945,0.9523809523809523,0.8873239436619719,0.9253731343283582,0.975609756097561,1.0,0.9259259259259259,1.0,1.0,0.9,1.0,1.0,1.0,0.0,1.0,0.9913544668587896,0.784910655195235,0.7687188019966722,0.8591800356506238,0.8132075471698114,0.7651331719128329,0.6444444444444445,0.7616099071207431,0.906318082788671,0.8896103896103896,0.8732394366197183,0.7072243346007605,0.95,0.7725321888412017,0.9052631578947369,0.9090909090909091,0.7325581395348837,0.7469879518072289,0.9195402298850575,0.8727272727272727,0.8771929824561403,0.9230769230769231,0.9444444444444444,0.8571428571428571,0.8888888888888888,0.75,1.0,0.0,1.0
49,0.9971028488652824,0.8998527245949927,0.7927927927927928,0.903954802259887,0.8114285714285714,0.73568281938326,0.639386189258312,0.7552870090634441,0.9155555555555556,0.8881987577639752,0.8354430379746836,0.6870748299319728,0.941747572815534,0.7542372881355932,0.819047619047619,0.898876404494382,0.717391304347826,0.6288659793814433,0.8,0.92,0.6486486486486487,0.8,0.9444444444444444,0.9,0.8888888888888888,0.75,0.4,0.0,1.0,0.9861509073543457,0.7146198830409357,0.7284768211920529,0.8304498269896193,0.8068181818181818,0.8370927318295739,0.6830601092896175,0.8012820512820513,0.9196428571428571,0.9930555555555556,0.9565217391304348,0.9017857142857143,1.0,0.89,0.945054945054945,0.9523809523809523,0.9295774647887324,0.9104477611940298,0.975609756097561,0.9583333333333334,0.8888888888888888,1.0,1.0,0.9,1.0,1.0,1.0,0.0,1.0,0.9915966386554622,0.7966101694915254,0.7592752372735116,0.8656447249774571,0.8091168091168092,0.7831184056271981,0.6605019815059445,0.7776049766718507,0.9175946547884187,0.9377049180327869,0.8918918918918919,0.7799227799227799,0.97,0.8165137614678899,0.8775510204081632,0.9248554913294798,0.8098159509202454,0.7439024390243902,0.8791208791208791,0.9387755102040817,0.75,0.8888888888888888,0.9714285714285714,0.9,0.9411764705882353,0.8571428571428571,0.5714285714285714,0.0,1.0
50,0.9975728155339806,0.9118942731277533,0.7872340425531915,0.9051094890510949,0.7907407407407407,0.7262693156732892,0.6740331491712708,0.7634730538922155,0.9177489177489178,0.8670886075949367,0.8397435897435898,0.7253521126760564,0.97,0.8,0.8585858585858586,0.9186046511627907,0.7244897959183674,0.6129032258064516,0.9318181818181818,0.575,0.7272727272727273,0.8461538461538461,0.8947368421052632,0.7272727272727273,0.4666666666666667,0.5,0.6666666666666666,0.0,1.0,0.9813753581661891,0.7263157894736842,0.7350993377483444,0.8581314878892734,0.8087121212121212,0.8245614035087719,0.6666666666666666,0.8173076923076923,0.9464285714285714,0.9513888888888888,0.9492753623188406,0.9196428571428571,1.0,0.96,0.9340659340659341,0.9404761904761905,1.0,0.8507462686567164,1.0,0.9583333333333334,0.8888888888888888,0.9166666666666666,1.0,0.8,0.875,0.6666666666666666,1.0,0.0,1.0,0.9894077997111218,0.80859375,0.7602739726027398,0.8809946714031972,0.799625468164794,0.7723004694835681,0.6703296703296703,0.7894736842105263,0.9318681318681319,0.9072847682119205,0.891156462585034,0.8110236220472441,0.9847715736040609,0.8727272727272727,0.8947368421052632,0.9294117647058824,0.8402366863905325,0.7125,0.9647058823529412,0.71875,0.8,0.88,0.9444444444444444,0.7619047619047619,0.6086956521739131,0.5714285714285714,0.8,0.0,1.0
